company_id,month,carbon,csr_activities,training,compliance,audits,employee_participation,current_esg_score,next_month_esg_score
0,0,60.84,56.91,74.59,76.39,55.73,81.66,59.51,60.21
0,1,60.54,60.59,76.3,74.87,56.66,79.08,60.21,59.63
0,2,62.68,60.74,76.04,73.71,59.31,78.92,59.63,60.7
0,3,60.89,59.98,77.94,74.64,60.33,80.51,60.7,58.85
0,4,66.82,59.06,76.7,73.21,61.77,84.2,58.85,58.92
0,5,65.97,56.84,74.53,74.71,63.45,86.13,58.92,60.35
0,6,63.48,57.84,75.18,75.35,65.4,87.1,60.35,60.05
0,7,65.01,58.34,76.35,76.81,62.68,86.44,60.05,60.87
0,8,63.1,56.72,75.82,80.0,61.15,89.64,60.87,63.14
0,9,57.55,56.02,76.61,81.37,62.77,92.32,63.14,63.25
0,10,56.01,54.93,79.48,81.19,60.42,89.22,63.25,64.94
0,11,52.75,56.72,80.21,82.77,59.77,90.0,64.94,64.35
0,12,54.13,56.1,81.88,81.65,59.24,89.15,64.35,66.08
0,13,50.04,57.86,80.77,81.87,60.4,90.79,66.08,64.77
0,14,51.53,57.86,79.8,81.92,57.23,86.75,64.77,65.92
0,15,47.07,55.17,81.3,80.3,56.67,90.95,65.92,66.24
0,16,45.5,57.68,78.8,80.09,54.97,90.23,66.24,64.5
0,17,47.52,52.8,80.4,80.77,53.98,86.19,64.5,64.81
0,18,47.24,51.51,81.4,81.01,57.39,85.78,64.81,66.95
0,19,43.66,52.35,82.36,83.93,59.26,87.15,66.95,64.2
0,20,47.55,49.08,80.74,82.28,58.68,83.32,64.2,63.18
0,21,48.96,48.72,76.63,80.45,59.5,86.13,63.18,63.01
0,22,54.45,57.76,78.17,78.67,55.44,87.23,63.01,63.77
0,23,51.51,56.81,76.64,78.59,57.77,88.01,63.77,63.25
1,0,66.63,42.15,79.46,57.6,53.56,63.65,50.72,50.55
1,1,65.66,42.32,77.79,58.69,52.85,60.27,50.55,52.96
1,2,61.33,43.14,82.83,59.21,52.81,61.43,52.96,52.95
1,3,64.75,44.1,81.9,61.63,53.87,66.34,52.95,52.55
1,4,64.8,40.73,78.09,65.13,57.52,66.1,52.55,53.35
1,5,63.15,45.41,75.07,63.54,59.0,65.21,53.35,54.38
1,6,62.63,45.22,76.38,66.55,59.39,67.45,54.38,55.51
1,7,55.98,45.37,74.15,64.32,57.83,66.74,55.51,54.33
1,8,58.23,41.69,74.55,63.55,57.37,70.05,54.33,54.73
1,9,59.34,46.01,74.38,62.36,57.13,71.08,54.73,55.43
1,10,59.37,43.05,74.95,63.01,62.36,77.01,55.43,55.95
1,11,56.31,42.49,70.86,62.03,63.19,80.93,55.95,55.16
1,12,53.62,40.83,64.72,61.91,61.27,79.64,55.16,55.04
1,13,50.49,40.85,59.75,59.17,65.73,76.08,55.04,58.45
1,14,46.7,46.66,68.76,57.03,65.19,77.4,58.45,56.73
1,15,51.39,44.0,68.33,58.78,66.26,76.57,56.73,56.06
1,16,50.49,40.17,67.91,58.45,66.92,75.21,56.06,56.76
1,17,51.4,43.51,68.68,59.35,67.23,75.51,56.76,58.95
1,18,48.74,44.76,68.69,63.74,70.58,76.97,58.95,59.49
1,19,45.95,41.72,72.56,64.47,71.74,72.03,59.49,58.69
1,20,48.23,43.39,69.53,63.72,72.46,72.49,58.69,58.68
1,21,46.85,43.37,69.07,64.23,75.61,65.09,58.68,59.11
1,22,45.64,44.2,70.26,63.68,72.29,66.37,59.11,56.93
1,23,50.33,39.9,73.15,63.23,72.37,63.51,56.93,59.49
2,0,66.41,62.87,74.82,71.13,77.86,54.08,57.74,55.75
2,1,71.37,65.36,70.41,71.19,75.72,52.82,55.75,54.13
2,2,75.41,67.57,68.61,69.37,75.98,49.47,54.13,55.6
2,3,72.89,68.81,72.38,70.78,71.6,50.69,55.6,56.28
2,4,72.61,70.35,77.52,66.86,70.62,52.76,56.28,59.48
2,5,67.36,75.08,78.93,68.75,69.67,55.5,59.48,58.96
2,6,70.07,76.08,79.93,69.49,68.15,55.36,58.96,60.21
2,7,69.11,77.53,83.23,67.57,68.1,60.1,60.21,61.47
2,8,66.38,75.36,84.14,69.46,68.32,64.39,61.47,61.84
2,9,68.45,78.19,86.1,74.32,68.11,58.68,61.84,60.21
2,10,72.76,77.11,86.73,77.14,65.11,55.22,60.21,61.49
2,11,67.46,75.03,88.34,78.39,65.86,51.29,61.49,64.05
2,12,60.03,75.49,87.23,79.5,67.46,52.0,64.05,63.88
2,13,61.81,76.48,89.12,78.3,67.3,52.89,63.88,63.62
2,14,63.77,75.6,90.98,77.96,67.27,55.68,63.62,63.7
2,15,57.29,72.01,86.84,73.5,66.11,58.23,63.7,65.69
2,16,55.94,72.9,90.4,76.35,66.17,62.59,65.69,64.44
2,17,55.72,70.69,88.92,73.59,64.6,61.81,64.44,64.52
2,18,57.63,76.15,85.07,74.58,62.72,63.54,64.52,63.68
2,19,56.73,70.96,88.16,73.57,61.85,60.63,63.68,65.34
2,20,54.27,72.55,87.89,74.42,62.77,64.89,65.34,65.82
2,21,52.74,68.41,91.39,73.96,65.2,66.34,65.82,68.04
2,22,51.85,69.76,97.55,78.31,65.54,67.12,68.04,66.86
2,23,54.58,67.52,98.84,78.46,66.37,64.92,66.86,67.26
3,0,40.38,62.18,66.12,76.0,76.13,74.19,66.67,67.82
3,1,40.55,66.78,66.7,77.36,76.22,73.98,67.82,69.26
3,2,37.71,68.37,64.44,78.89,78.59,75.38,69.26,69.8
3,3,36.35,70.03,63.82,80.96,75.12,74.67,69.8,71.31
3,4,29.88,65.85,68.21,82.95,73.89,70.46,71.31,75.24
3,5,20.49,64.52,75.77,84.02,72.97,72.16,75.24,77.08
3,6,15.3,63.93,76.37,84.05,74.75,73.49,77.08,76.83
3,7,16.81,62.16,79.36,87.51,73.01,71.13,76.83,76.68
3,8,20.32,61.89,83.87,86.82,76.12,71.82,76.68,77.32
3,9,20.59,66.88,83.09,85.14,75.42,73.48,77.32,78.84
3,10,15.39,69.09,81.77,87.63,70.83,71.42,78.84,80.15
3,11,9.83,66.91,82.81,87.48,70.53,71.24,80.15,80.46
3,12,9.94,64.19,85.23,89.0,71.5,73.21,80.46,81.16
3,13,10.33,70.59,85.27,88.59,70.19,70.42,81.16,81.93
3,14,6.1,68.23,85.36,89.46,70.49,68.42,81.93,81.8
3,15,8.3,70.75,85.18,88.35,71.79,69.28,81.8,82.84
3,16,3.46,70.84,86.27,86.75,72.37,65.22,82.84,81.89
3,17,6.97,74.89,85.81,87.68,67.75,62.05,81.89,82.28
3,18,5.58,71.97,88.25,91.87,65.59,59.84,82.28,82.76
3,19,5.79,77.1,84.89,92.57,69.44,55.18,82.76,83.52
3,20,1.45,76.13,83.63,94.4,70.12,50.16,83.52,83.47
3,21,2.49,74.7,87.75,93.34,69.05,52.08,83.47,82.65
3,22,4.28,76.34,82.99,94.62,67.18,53.09,82.65,83.86
3,23,0.0,77.98,80.87,92.25,68.81,54.11,83.86,84.59
4,0,35.52,64.0,74.91,73.19,59.09,73.55,67.62,67.79
4,1,34.45,60.96,76.95,74.44,56.3,75.95,67.79,65.79
4,2,40.11,61.78,76.24,74.36,57.73,71.06,65.79,66.53
4,3,40.1,60.91,82.08,74.21,61.26,68.05,66.53,66.33
4,4,41.36,62.16,79.77,74.76,63.89,67.38,66.33,67.14
4,5,35.78,62.41,77.37,74.28,63.92,62.56,67.14,68.45
4,6,30.44,64.16,76.1,69.35,65.69,63.68,68.45,69.73
4,7,27.8,60.51,78.9,70.25,70.66,65.24,69.73,70.26
4,8,28.46,60.31,81.65,71.7,73.36,63.97,70.26,71.29
4,9,26.65,59.17,84.33,74.89,72.65,63.0,71.29,70.54
4,10,27.09,58.73,87.48,70.59,71.19,60.95,70.54,72.07
4,11,19.63,56.14,85.04,70.39,73.62,60.52,72.07,73.46
4,12,16.04,56.27,88.49,68.64,72.0,62.49,73.46,74.38
4,13,14.88,58.51,88.74,70.24,70.13,62.75,74.38,73.3
4,14,13.74,55.17,84.35,71.81,69.62,59.99,73.3,73.17
4,15,12.96,58.85,77.81,69.02,67.98,64.67,73.17,72.97
4,16,13.3,61.45,74.69,66.98,69.07,65.15,72.97,73.27
4,17,14.45,61.19,75.83,67.49,70.83,67.87,73.27,73.76
4,18,9.09,54.75,79.13,70.07,68.99,62.59,73.76,75.19
4,19,8.89,57.84,84.82,71.3,68.45,60.21,75.19,76.19
4,20,8.42,57.24,82.08,75.6,72.22,63.92,76.19,78.72
4,21,5.16,60.11,84.3,76.69,74.92,66.12,78.72,78.24
4,22,6.88,62.32,85.62,73.32,75.28,64.75,78.24,82.38
4,23,2.54,67.66,91.11,76.24,75.99,69.11,82.38,82.08
5,0,29.79,40.35,76.78,73.28,53.78,72.44,64.26,64.05
5,1,30.83,41.83,71.72,73.24,55.98,75.92,64.05,62.96
5,2,33.4,42.24,69.48,71.27,56.86,77.36,62.96,62.37
5,3,36.77,45.84,69.38,68.98,56.43,78.31,62.37,62.47
5,4,35.66,44.41,70.44,68.17,55.37,79.54,62.47,63.43
5,5,33.95,45.44,71.56,66.1,54.61,84.16,63.43,62.68
5,6,29.97,39.39,66.28,66.35,54.87,84.1,62.68,60.63
5,7,33.11,31.68,67.76,69.68,52.81,83.26,60.63,61.65
5,8,30.35,29.29,67.09,72.73,56.69,82.56,61.65,61.19
5,9,35.57,29.7,72.65,72.74,57.15,83.95,61.19,58.93
5,10,44.6,32.55,70.83,74.88,56.63,82.78,58.93,58.79
5,11,46.83,32.95,71.96,75.11,57.5,84.36,58.79,60.4
5,12,40.52,35.25,69.31,72.43,57.58,84.91,60.4,61.0
5,13,37.94,38.04,65.59,71.81,56.61,85.07,61.0,59.86
5,14,38.27,35.32,68.06,72.14,53.03,79.49,59.86,60.35
5,15,37.74,34.95,68.05,72.28,53.68,82.64,60.35,60.7
5,16,33.9,31.74,65.07,73.06,56.37,81.64,60.7,61.65
5,17,25.9,26.92,62.87,72.14,55.75,82.06,61.65,61.97
5,18,24.46,30.37,61.14,70.62,56.91,77.75,61.97,62.92
5,19,25.13,30.98,61.0,74.0,55.87,84.23,62.92,62.37
5,20,23.96,27.45,61.51,72.04,54.56,85.72,62.37,63.06
5,21,25.12,25.88,64.77,74.56,57.64,87.61,63.06,60.49
5,22,28.71,20.54,64.12,73.03,58.08,86.2,60.49,62.13
5,23,27.71,26.49,63.91,74.05,57.81,86.73,62.13,63.99
6,0,39.28,54.03,42.37,54.25,87.55,44.37,56.71,53.61
6,1,39.93,43.38,37.5,55.35,88.7,41.18,53.61,55.99
6,2,37.29,47.79,36.35,60.04,88.9,42.71,55.99,54.05
6,3,41.64,48.49,33.64,60.02,89.03,38.91,54.05,54.5
6,4,40.38,46.56,36.71,60.29,88.66,38.89,54.5,54.34
6,5,40.55,48.71,34.01,58.4,91.07,37.96,54.34,56.24
6,6,35.8,50.34,35.7,55.54,91.73,40.46,56.24,55.88
6,7,36.42,52.54,31.79,56.4,91.32,39.31,55.88,57.6
6,8,38.53,57.28,37.48,59.23,91.3,40.67,57.6,57.39
6,9,40.33,57.94,38.17,61.08,91.39,38.79,57.39,58.61
6,10,38.59,60.14,38.48,61.96,92.93,37.96,58.61,57.77
6,11,40.36,61.58,35.07,65.05,92.12,33.3,57.77,58.49
6,12,36.72,58.82,35.53,64.7,91.65,35.45,58.49,58.55
6,13,37.24,60.06,37.06,66.13,87.63,34.66,58.55,61.48
6,14,30.2,60.47,37.34,68.42,90.21,35.57,61.48,62.35
6,15,28.2,62.23,36.06,68.62,92.38,34.2,62.35,62.39
6,16,30.12,64.56,33.5,70.77,93.98,34.8,62.39,62.76
6,17,27.33,62.28,32.18,72.05,92.27,36.41,62.76,65.04
6,18,23.1,61.97,32.81,77.14,89.71,41.13,65.04,66.08
6,19,23.05,63.5,33.47,78.23,89.61,45.79,66.08,67.12
6,20,21.18,67.2,31.83,78.31,87.66,47.46,67.12,65.16
6,21,25.02,67.27,31.54,76.28,87.4,42.98,65.16,68.2
6,22,21.78,68.25,35.8,82.1,86.43,47.59,68.2,68.34
6,23,22.01,68.09,37.4,82.42,86.85,46.66,68.34,69.1
7,0,58.43,69.33,83.71,92.44,72.09,45.9,64.56,63.91
7,1,59.49,66.34,86.11,89.93,70.7,50.11,63.91,63.89
7,2,61.51,71.1,85.59,87.82,70.42,50.72,63.89,64.72
7,3,61.25,74.8,84.81,88.73,68.64,52.37,64.72,64.92
7,4,60.76,72.85,84.4,88.56,68.3,57.98,64.92,63.72
7,5,59.96,72.42,78.41,86.97,67.97,56.23,63.72,63.29
7,6,63.61,72.22,82.58,87.29,68.25,56.26,63.29,62.91
7,7,63.12,77.68,75.92,83.49,67.36,56.6,62.91,63.3
7,8,64.69,79.4,75.06,85.73,69.62,57.46,63.3,62.91
7,9,67.08,80.52,73.68,87.32,70.04,57.76,62.91,59.31
7,10,70.99,73.46,69.73,85.15,69.52,57.3,59.31,60.99
7,11,65.97,70.81,67.44,90.26,73.32,56.36,60.99,59.85
7,12,64.38,67.66,62.02,90.23,71.52,56.41,59.85,61.03
7,13,59.08,65.68,62.77,91.16,72.56,52.75,61.03,60.03
7,14,61.15,63.58,64.96,91.34,70.01,52.1,60.03,60.92
7,15,61.74,65.71,64.84,94.6,72.22,51.63,60.92,62.52
7,16,63.49,71.82,71.02,92.35,70.57,56.38,62.52,62.7
7,17,59.82,68.15,69.86,93.39,70.56,54.73,62.7,63.83
7,18,57.29,66.31,67.53,98.15,71.36,57.69,63.83,62.56
7,19,55.33,66.05,65.69,93.05,68.8,52.56,62.56,65.17
7,20,48.08,62.77,69.96,93.16,71.58,54.09,65.17,64.76
7,21,49.93,60.36,71.83,94.82,70.63,56.07,64.76,63.51
7,22,51.12,59.02,68.76,92.65,71.0,57.35,63.51,65.71
7,23,48.25,59.4,70.78,94.08,74.31,61.48,65.71,67.92
8,0,67.72,53.78,51.59,69.79,72.84,63.99,52.33,53.88
8,1,65.77,57.08,52.18,71.58,72.15,64.14,53.88,54.89
8,2,64.92,54.87,54.46,73.08,73.53,69.05,54.89,53.5
8,3,68.77,54.05,55.88,72.04,73.78,67.55,53.5,51.82
8,4,73.13,55.44,55.53,74.62,69.64,61.81,51.82,51.78
8,5,75.02,55.92,56.58,72.17,69.79,68.12,51.78,50.81
8,6,76.99,56.73,55.56,71.58,65.73,69.2,50.81,48.62
8,7,79.03,52.3,53.88,69.47,64.0,69.66,48.62,50.67
8,8,72.28,54.45,56.44,69.16,59.24,66.97,50.67,47.67
8,9,75.47,46.41,55.7,67.0,61.05,65.24,47.67,48.38
8,10,76.19,48.41,61.51,66.8,62.0,61.09,48.38,46.68
8,11,79.26,46.43,60.12,66.95,59.08,62.07,46.68,45.16
8,12,81.66,47.61,55.66,66.91,60.76,56.74,45.16,47.74
8,13,77.94,50.54,56.77,67.93,64.68,58.44,47.74,48.99
8,14,79.41,58.97,56.43,66.53,65.74,60.06,48.99,50.45
8,15,77.33,56.17,63.66,67.39,64.47,63.11,50.45,51.24
8,16,76.5,55.71,65.64,65.0,65.38,69.15,51.24,50.42
8,17,77.4,54.88,64.42,64.38,65.07,68.31,50.42,48.9
8,18,79.65,49.98,67.31,63.82,66.02,65.23,48.9,49.05
8,19,83.13,54.02,70.49,60.99,67.88,66.75,49.05,51.27
8,20,77.82,54.25,71.88,62.31,68.44,67.92,51.27,49.07
8,21,81.74,58.23,63.58,61.87,68.31,62.97,49.07,49.29
8,22,81.52,62.27,60.62,62.74,66.67,61.25,49.29,48.17
8,23,85.45,60.94,62.31,59.2,70.6,63.36,48.17,48.61
9,0,33.57,46.85,69.73,83.56,74.21,69.44,66.66,69.78
9,1,30.52,53.84,73.02,85.7,74.47,69.09,69.78,71.28
9,2,29.39,55.31,77.52,86.27,72.84,71.86,71.28,70.99
9,3,31.65,57.57,80.06,85.93,71.19,69.56,70.99,71.81
9,4,26.25,58.58,80.11,85.25,65.47,66.12,71.81,70.72
9,5,29.11,56.89,81.49,82.66,68.55,65.99,70.72,72.57
9,6,29.48,64.17,86.34,82.25,67.57,65.31,72.57,73.31
9,7,30.51,64.15,85.45,85.39,67.54,72.51,73.31,74.68
9,8,30.28,69.81,86.83,87.51,66.29,70.25,74.68,74.13
9,9,31.16,73.07,87.25,85.14,63.77,66.27,74.13,76.11
9,10,25.36,73.7,90.92,85.31,59.45,65.99,76.11,77.55
9,11,24.37,80.29,86.85,84.73,63.06,67.64,77.55,77.93
9,12,25.56,80.93,88.14,86.49,61.64,70.58,77.93,79.41
9,13,20.94,82.22,88.98,85.45,61.79,69.01,79.41,80.08
9,14,17.22,81.46,85.96,86.3,59.69,71.45,80.08,81.26
9,15,13.18,80.06,84.39,89.15,60.55,71.11,81.26,80.5
9,16,14.18,74.04,84.56,93.34,61.02,71.61,80.5,79.31
9,17,15.32,77.02,78.87,90.18,61.64,69.77,79.31,76.4
9,18,18.76,76.38,73.36,87.84,56.34,69.37,76.4,76.82
9,19,17.69,75.4,76.9,90.44,56.2,63.26,76.82,77.74
9,20,19.04,77.37,78.13,92.6,54.07,69.59,77.74,78.57
9,21,15.66,79.92,73.37,90.94,57.3,69.11,78.57,78.07
9,22,17.68,80.93,73.35,93.87,57.03,64.06,78.07,78.85
9,23,14.77,82.88,74.84,90.94,55.78,62.62,78.85,78.58
10,0,38.18,73.34,46.39,78.77,79.6,49.79,64.93,64.98
10,1,37.02,74.67,46.65,76.06,77.28,50.17,64.98,63.71
10,2,39.61,68.32,47.99,78.64,77.17,52.12,63.71,63.06
10,3,37.0,68.26,43.42,74.15,79.26,49.47,63.06,62.26
10,4,35.13,64.41,39.49,74.0,78.0,50.9,62.26,62.73
10,5,35.99,65.67,40.51,77.36,76.07,51.04,62.73,62.49
10,6,38.89,69.76,36.54,76.93,78.98,52.86,62.49,62.37
10,7,38.98,69.41,35.69,77.71,78.68,53.04,62.37,63.08
10,8,38.71,67.67,37.59,83.74,75.32,54.31,63.08,64.99
10,9,35.93,69.71,38.03,85.46,77.87,55.18,64.99,63.58
10,10,38.83,62.97,43.1,86.41,80.23,51.82,63.58,64.51
10,11,35.84,63.71,43.35,87.18,82.6,46.83,64.51,62.82
10,12,38.26,64.04,43.04,84.44,83.8,39.89,62.82,61.85
10,13,39.7,59.86,43.5,84.4,86.34,39.65,61.85,63.09
10,14,37.12,58.64,47.62,85.67,85.77,39.24,63.09,65.24
10,15,31.92,60.11,42.64,87.37,86.23,46.7,65.24,67.6
10,16,28.12,60.1,48.33,89.96,85.04,47.67,67.6,67.48
10,17,27.62,61.24,46.54,89.98,82.04,48.38,67.48,66.7
10,18,28.47,60.86,41.99,92.16,82.97,46.5,66.7,65.82
10,19,27.13,56.66,39.22,91.28,85.63,44.88,65.82,65.34
10,20,28.55,55.34,40.26,91.2,87.57,43.58,65.34,65.59
10,21,23.33,51.5,38.96,88.9,88.59,42.48,65.59,62.44
10,22,29.96,46.59,39.87,86.84,87.81,43.21,62.44,66.09
10,23,22.48,47.6,45.88,86.14,88.53,46.58,66.09,65.06
11,0,61.42,75.19,59.36,59.22,58.87,41.08,54.39,55.17
11,1,59.33,75.71,59.77,59.24,59.0,40.74,55.17,56.21
11,2,54.51,74.46,62.81,56.7,58.83,38.58,56.21,56.96
11,3,54.34,73.59,67.54,57.91,56.4,40.89,56.96,57.59
11,4,51.52,72.16,68.79,57.13,58.39,38.87,57.59,58.8
11,5,49.16,70.49,67.39,59.53,59.85,44.3,58.8,55.81
11,6,55.47,67.7,67.9,57.38,58.49,42.71,55.81,55.93
11,7,51.79,64.84,67.77,55.14,60.37,40.25,55.93,53.79
11,8,59.72,63.79,68.28,52.75,63.99,43.91,53.79,53.34
11,9,60.11,60.05,69.21,50.71,67.11,46.64,53.34,52.47
11,10,59.9,53.04,66.56,52.29,69.74,50.27,52.47,54.45
11,11,54.62,54.25,69.91,49.17,69.92,51.39,54.45,53.51
11,12,53.22,48.99,69.23,48.71,69.82,50.0,53.51,54.27
11,13,51.39,49.17,70.86,48.31,69.21,50.57,54.27,56.24
11,14,45.13,50.9,71.16,48.59,71.33,45.02,56.24,58.67
11,15,38.71,52.02,71.44,49.13,70.6,47.31,58.67,58.22
11,16,41.01,53.77,70.96,45.11,72.34,51.27,58.22,58.06
11,17,42.44,51.44,73.28,47.03,75.66,48.95,58.06,59.0
11,18,41.26,53.98,73.75,45.0,76.69,50.98,59.0,59.35
11,19,41.02,54.94,73.27,48.15,75.09,49.52,59.35,58.74
11,20,40.56,57.87,69.08,45.73,71.21,49.92,58.74,59.91
11,21,36.7,57.02,71.37,44.65,71.87,49.32,59.91,59.89
11,22,38.22,58.74,69.59,44.51,74.16,50.8,59.89,62.11
11,23,33.53,61.01,66.64,47.54,76.41,51.97,62.11,62.68
12,0,61.33,73.57,59.4,89.78,72.81,50.94,61.07,59.48
12,1,61.13,67.84,60.5,87.85,73.41,46.56,59.48,58.73
12,2,62.26,71.22,58.45,85.77,69.29,46.06,58.73,58.35
12,3,60.01,66.87,60.11,85.07,67.34,44.69,58.35,57.99
12,4,62.73,68.97,60.02,86.51,65.22,45.09,57.99,58.14
12,5,62.67,67.86,61.62,85.15,66.44,47.05,58.14,60.37
12,6,53.42,71.74,52.78,84.12,68.69,46.39,60.37,61.46
12,7,48.52,68.75,56.16,80.48,71.15,46.53,61.46,61.95
12,8,44.44,67.31,53.41,82.41,72.81,41.67,61.95,62.62
12,9,42.73,65.02,57.59,79.91,76.22,41.87,62.62,62.5
12,10,38.75,63.28,55.49,77.56,76.61,38.49,62.5,63.09
12,11,31.71,62.44,50.38,76.26,74.99,36.17,63.09,61.17
12,12,37.21,62.91,51.41,72.9,73.89,37.12,61.17,62.28
12,13,33.63,65.94,48.11,72.53,72.91,37.91,62.28,62.87
12,14,31.21,65.43,47.7,71.26,74.08,38.93,62.87,63.28
12,15,30.45,64.43,50.39,70.99,73.67,39.54,63.28,61.58
12,16,35.04,60.71,53.0,67.4,74.31,44.57,61.58,61.05
12,17,36.0,61.52,51.62,67.67,74.0,42.51,61.05,61.02
12,18,34.63,62.42,49.61,66.25,71.48,43.98,61.02,61.63
12,19,35.77,63.42,52.81,66.63,72.46,45.19,61.63,62.59
12,20,34.99,62.12,59.75,65.92,71.33,46.8,62.59,62.47
12,21,35.25,58.21,63.42,65.94,69.31,50.66,62.47,62.95
12,22,36.63,54.71,69.05,67.45,69.49,55.73,62.95,63.1
12,23,36.61,54.93,67.37,68.82,70.64,56.08,63.1,63.67
13,0,62.53,56.24,63.74,88.34,59.65,49.37,56.2,57.13
13,1,62.91,59.3,66.02,92.37,58.33,45.54,57.13,59.02
13,2,59.43,61.59,67.81,92.77,56.28,48.14,59.02,62.52
13,3,55.25,65.36,76.69,93.71,57.65,46.96,62.52,63.62
13,4,49.32,63.85,73.71,91.01,61.29,48.08,63.62,63.79
13,5,49.96,63.23,73.49,93.14,61.43,49.97,63.79,62.83
13,6,48.88,62.5,69.57,89.39,61.1,50.44,62.83,63.62
13,7,44.52,62.7,70.03,85.27,59.47,51.96,63.62,63.42
13,8,45.18,59.54,70.8,87.52,61.23,51.98,63.42,64.24
13,9,43.27,57.95,72.51,88.11,62.69,52.67,64.24,63.8
13,10,45.23,58.53,75.16,90.05,61.28,47.55,63.8,61.99
13,11,49.36,59.6,70.32,88.82,63.02,47.01,61.99,63.07
13,12,47.32,64.11,67.48,87.43,63.64,48.48,63.07,63.71
13,13,48.31,67.14,68.37,88.61,63.32,48.97,63.71,64.36
13,14,48.14,68.08,70.99,89.92,63.61,46.84,64.36,65.39
13,15,47.84,68.3,71.87,94.53,62.77,48.41,65.39,65.58
13,16,50.54,68.89,79.18,93.97,63.61,46.31,65.58,67.08
13,17,48.99,69.94,82.02,94.81,66.33,46.33,67.08,68.88
13,18,47.49,78.35,83.5,93.57,65.14,43.8,68.88,68.08
13,19,49.8,77.56,84.19,93.64,66.81,41.56,68.08,69.93
13,20,46.08,78.53,86.29,94.51,65.39,43.89,69.93,70.9
13,21,43.35,77.27,83.76,97.31,66.85,46.0,70.9,70.43
13,22,46.59,86.01,78.93,96.04,65.82,43.75,70.43,71.26
13,23,42.85,85.41,75.58,96.91,66.13,45.5,71.26,71.25
14,0,69.14,72.42,72.56,53.66,63.08,55.55,54.54,56.05
14,1,63.07,72.18,72.9,53.43,61.65,54.23,56.05,57.0
14,2,62.04,72.75,75.01,55.79,61.26,53.17,57.0,57.93
14,3,62.85,74.88,74.01,57.57,63.42,57.34,57.93,55.94
14,4,67.69,72.58,74.35,57.8,63.43,55.69,55.94,56.86
14,5,62.73,73.16,72.35,58.17,62.04,52.69,56.86,58.2
14,6,62.94,73.91,74.39,62.74,62.79,54.45,58.2,58.94
14,7,59.2,70.35,79.43,61.09,60.91,54.63,58.94,58.47
14,8,58.43,67.95,78.82,63.75,59.49,50.75,58.47,57.33
14,9,60.76,69.72,77.26,60.79,58.2,50.89,57.33,55.99
14,10,63.76,66.91,77.3,62.34,53.64,54.29,55.99,57.43
14,11,59.71,68.21,78.34,64.71,54.94,47.46,57.43,58.95
14,12,56.86,68.92,78.06,65.86,56.72,49.58,58.95,58.26
14,13,55.71,63.68,76.99,66.89,54.74,51.78,58.26,56.3
14,14,57.94,64.37,68.1,64.54,58.71,50.44,56.3,59.7
14,15,51.49,68.37,68.44,66.95,59.47,52.11,59.7,61.26
14,16,52.07,70.76,75.57,69.09,56.51,53.75,61.26,62.4
14,17,55.0,74.67,74.59,71.62,58.56,61.77,62.4,61.81
14,18,52.25,73.45,73.98,70.84,56.98,53.78,61.81,63.51
14,19,50.44,74.86,72.8,74.91,57.21,57.95,63.51,64.8
14,20,50.73,77.64,73.93,77.85,57.52,59.74,64.8,65.56
14,21,51.33,77.07,75.45,82.52,57.18,61.3,65.56,64.17
14,22,54.6,80.79,75.78,77.95,58.41,54.94,64.17,63.23
14,23,58.51,81.6,79.08,76.35,55.51,56.02,63.23,64.65
15,0,29.47,63.46,68.47,67.57,52.14,66.06,66.08,65.17
15,1,30.83,63.64,69.36,65.4,47.96,66.81,65.17,66.81
15,2,31.3,67.57,74.37,68.74,46.17,66.06,66.81,68.89
15,3,32.24,75.47,79.11,71.18,45.59,63.71,68.89,67.93
15,4,34.11,72.47,78.7,71.15,48.98,62.94,67.93,70.36
15,5,26.29,74.28,76.9,71.44,49.0,62.42,70.36,68.43
15,6,28.16,69.98,75.65,73.0,47.98,57.89,68.43,67.87
15,7,29.67,73.65,75.82,69.28,49.59,53.21,67.87,66.51
15,8,30.09,71.29,72.64,68.6,49.42,51.58,66.51,66.18
15,9,31.36,70.25,75.88,69.36,48.23,49.28,66.18,66.92
15,10,25.92,71.42,75.11,64.82,47.35,46.88,66.92,64.55
15,11,30.15,66.61,71.09,67.24,50.27,44.95,64.55,64.63
15,12,27.75,68.76,64.41,63.71,49.91,49.9,64.63,66.44
15,13,25.94,69.36,68.11,68.13,48.95,50.15,66.44,64.32
15,14,30.91,65.1,71.49,66.29,49.36,49.72,64.32,65.35
15,15,27.53,62.45,72.62,68.48,49.3,50.23,65.35,65.57
15,16,28.75,59.83,75.14,70.32,54.71,49.4,65.57,67.07
15,17,26.87,62.44,77.9,69.45,54.1,51.32,67.07,67.57
15,18,23.89,61.51,78.47,71.64,53.09,46.1,67.57,67.79
15,19,17.64,58.03,74.83,71.53,50.91,44.29,67.79,69.21
15,20,14.82,57.01,79.09,73.06,51.14,43.2,69.21,69.52
15,21,13.02,58.29,81.15,71.44,51.42,37.41,69.52,70.43
15,22,13.15,60.88,80.61,75.28,49.86,38.36,70.43,71.3
15,23,12.55,60.88,80.56,75.69,51.75,42.8,71.3,72.22
16,0,50.22,69.08,79.75,64.04,79.75,45.87,62.88,63.52
16,1,50.79,72.09,79.13,63.04,83.36,46.82,63.52,63.4
16,2,52.71,72.76,77.67,63.26,86.44,48.78,63.4,66.09
16,3,47.07,72.42,83.32,63.04,83.03,54.76,66.09,66.17
16,4,48.62,72.51,82.51,65.4,82.15,58.5,66.17,66.12
16,5,49.75,73.54,83.24,65.25,84.44,56.21,66.12,68.7
16,6,44.38,75.68,85.44,66.41,85.46,55.55,68.7,67.87
16,7,46.24,75.85,84.27,65.99,89.7,50.64,67.87,66.27
16,8,47.24,71.11,84.25,65.32,85.73,52.11,66.27,66.9
16,9,45.6,65.11,87.07,68.39,88.91,53.49,66.9,68.96
16,10,45.24,69.4,92.42,70.86,87.23,54.39,68.96,69.28
16,11,46.06,64.27,94.12,75.6,88.71,59.11,69.28,69.52
16,12,46.11,64.35,95.57,74.17,86.98,63.21,69.52,68.64
16,13,49.73,61.68,98.77,74.2,87.86,64.89,68.64,68.23
16,14,52.21,62.22,100.0,75.02,89.31,62.69,68.23,66.59
16,15,58.19,63.93,100.0,72.0,87.86,66.7,66.59,65.56
16,16,58.55,58.49,100.0,71.11,90.88,66.74,65.56,65.93
16,17,58.66,62.33,97.61,69.33,90.69,69.52,65.93,65.96
16,18,54.17,57.62,100.0,68.32,90.11,64.25,65.96,66.75
16,19,51.63,57.9,100.0,66.98,93.62,62.5,66.75,68.79
16,20,49.08,62.81,100.0,66.07,93.51,66.86,68.79,67.08
16,21,52.98,60.66,100.0,66.45,91.74,66.99,67.08,68.11
16,22,52.5,64.38,100.0,66.0,91.51,69.28,68.11,69.23
16,23,50.24,66.45,100.0,64.26,89.8,73.92,69.23,70.71
17,0,40.29,43.03,74.18,60.16,68.31,77.83,61.28,60.76
17,1,38.75,39.04,73.22,60.59,67.71,77.32,60.76,61.51
17,2,38.19,37.37,75.59,63.67,66.98,79.08,61.51,62.92
17,3,36.97,38.77,80.59,64.88,63.64,80.74,62.92,62.0
17,4,40.17,38.41,83.87,63.7,60.86,81.46,62.0,63.21
17,5,34.4,37.99,88.03,60.08,58.51,78.67,63.21,64.44
17,6,33.71,37.19,92.53,62.19,59.7,79.4,64.44,64.48
17,7,34.39,34.9,95.4,60.17,61.57,83.26,64.48,63.87
17,8,34.52,34.68,96.9,54.64,62.37,83.22,63.87,64.29
17,9,33.87,37.09,96.98,52.56,62.29,83.72,64.29,65.12
17,10,33.72,37.88,100.0,50.59,62.84,87.89,65.12,66.52
17,11,28.01,38.72,98.54,50.05,61.23,87.68,66.52,63.73
17,12,33.03,35.23,95.34,47.65,64.89,86.6,63.73,64.26
17,13,32.46,34.32,92.8,47.38,70.0,91.07,64.26,65.4
17,14,29.4,36.56,90.61,44.02,72.24,94.85,65.4,64.62
17,15,32.04,35.45,90.41,45.72,73.22,93.97,64.62,66.83
17,16,26.68,36.09,93.94,43.53,74.7,95.27,66.83,66.38
17,17,28.43,39.01,92.16,40.49,73.83,98.24,66.38,66.8
17,18,26.3,37.23,87.0,44.2,75.69,100.0,66.8,66.34
17,19,28.71,39.26,86.56,44.07,75.03,100.0,66.34,65.9
17,20,29.88,38.17,88.26,42.25,78.24,98.32,65.9,66.61
17,21,30.88,41.66,89.71,42.64,78.46,98.45,66.61,67.52
17,22,28.65,40.61,94.45,42.62,77.09,97.2,67.52,67.36
17,23,31.45,42.94,96.43,42.31,78.44,95.57,67.36,68.48
18,0,53.27,57.35,39.51,60.2,53.87,44.58,50.29,50.56
18,1,55.1,59.91,42.34,57.31,54.67,46.91,50.56,52.21
18,2,51.51,60.23,42.29,61.2,58.72,42.22,52.21,50.43
18,3,58.49,57.79,45.53,63.34,56.92,44.0,50.43,51.62
18,4,57.67,59.75,46.52,65.93,57.28,43.8,51.62,51.07
18,5,60.46,61.79,49.02,64.8,55.38,42.39,51.07,53.53
18,6,58.1,64.45,52.25,64.69,58.45,46.8,53.53,53.76
18,7,58.33,62.29,57.27,64.77,58.9,46.08,53.76,54.35
18,8,55.16,58.18,59.47,63.4,65.22,43.12,54.35,56.4
18,9,50.88,60.01,64.36,63.73,66.56,37.89,56.4,55.03
18,10,48.35,57.09,58.97,64.17,62.28,34.22,55.03,56.03
18,11,46.24,54.9,60.46,64.98,64.26,36.78,56.03,55.53
18,12,49.16,55.19,61.67,66.2,64.75,35.89,55.53,55.51
18,13,47.67,53.04,63.24,66.21,63.62,34.2,55.51,57.29
18,14,43.53,56.27,63.78,64.69,65.44,32.82,57.29,59.49
18,15,38.81,59.64,62.46,64.07,65.72,36.55,59.49,59.56
18,16,38.38,56.34,64.4,63.3,69.7,36.85,59.56,63.53
18,17,31.17,57.71,70.53,66.65,73.56,34.09,63.53,62.0
18,18,33.41,55.85,71.5,64.31,72.47,32.36,62.0,61.44
18,19,35.6,58.55,72.63,61.81,72.05,30.42,61.44,60.87
18,20,37.71,62.38,76.1,60.5,66.77,25.42,60.87,60.1
18,21,41.48,61.48,74.15,63.98,69.5,25.79,60.1,61.51
18,22,40.1,61.38,75.13,67.38,70.54,28.27,61.51,59.2
18,23,43.1,58.17,77.7,66.99,65.71,22.18,59.2,60.88
19,0,42.57,77.99,42.78,62.41,59.3,79.62,62.5,63.13
19,1,40.32,78.65,44.03,61.04,59.25,78.09,63.13,61.63
19,2,46.72,78.68,48.97,60.85,59.97,74.43,61.63,63.74
19,3,44.88,79.61,54.03,61.5,62.93,76.65,63.74,62.99
19,4,49.26,79.73,61.5,60.73,61.6,73.32,62.99,62.67
19,5,55.76,82.49,60.8,63.42,63.18,79.52,62.67,63.57
19,6,50.61,82.0,59.71,59.68,65.5,79.01,63.57,64.69
19,7,52.33,89.37,58.95,59.03,65.93,82.27,64.69,64.97
19,8,50.13,87.78,62.42,59.99,62.04,78.89,64.97,64.03
19,9,54.13,89.29,60.43,59.85,62.27,81.4,64.03,64.92
19,10,49.56,87.06,61.55,59.85,63.61,78.01,64.92,65.58
19,11,50.13,90.64,63.31,60.33,63.62,75.81,65.58,66.37
19,12,49.42,94.72,63.26,58.75,62.84,76.71,66.37,68.42
19,13,47.79,96.47,65.13,60.73,65.89,80.0,68.42,68.53
19,14,44.49,94.06,65.2,60.02,63.81,78.97,68.53,69.88
19,15,42.57,92.35,64.55,62.58,64.41,86.69,69.88,70.67
19,16,42.58,91.78,64.86,63.29,65.48,93.22,70.67,72.44
19,17,39.54,94.66,65.79,60.35,67.22,97.32,72.44,72.46
19,18,36.47,94.93,60.91,58.03,69.52,96.22,72.46,73.35
19,19,32.65,95.92,59.64,57.29,71.19,93.04,73.35,75.55
19,20,29.43,96.68,62.85,59.97,70.06,96.15,75.55,77.31
19,21,26.58,100.0,59.75,62.83,68.95,100.0,77.31,76.68
19,22,27.85,97.25,58.48,64.59,71.26,100.0,76.68,76.91
19,23,27.49,99.83,59.18,62.2,69.83,100.0,76.91,76.51
20,0,32.21,63.17,69.97,76.03,66.55,60.32,67.56,67.39
20,1,32.82,65.47,68.26,76.33,65.5,59.04,67.39,70.48
20,2,28.95,69.57,71.75,77.61,69.65,58.77,70.48,68.27
20,3,37.54,69.19,72.82,77.01,70.59,61.58,68.27,69.9
20,4,36.7,74.82,73.84,77.75,68.97,63.14,69.9,69.96
20,5,35.8,73.29,71.81,83.3,68.64,59.07,69.96,71.24
20,6,33.2,73.44,73.75,84.61,70.2,57.43,71.24,70.27
20,7,33.73,71.11,72.19,82.97,68.02,60.92,70.27,70.73
20,8,35.29,74.34,72.61,84.72,64.7,63.81,70.73,70.64
20,9,35.32,76.52,74.05,82.95,61.9,61.98,70.64,69.72
20,10,36.52,78.89,70.24,81.19,60.66,61.21,69.72,69.82
20,11,31.93,74.92,68.08,81.56,58.49,61.16,69.82,68.38
20,12,34.61,71.32,67.76,83.81,57.86,59.74,68.38,68.18
20,13,37.6,70.7,71.37,84.87,57.37,61.48,68.18,68.81
20,14,38.06,74.06,70.03,85.15,57.45,63.89,68.81,71.4
20,15,34.48,77.41,71.73,82.72,60.07,70.89,71.4,70.94
20,16,36.99,81.99,72.28,79.59,56.58,71.96,70.94,70.99
20,17,34.71,79.55,72.39,81.03,53.87,70.91,70.99,70.0
20,18,38.74,76.62,75.3,80.26,55.16,74.5,70.0,69.94
20,19,40.47,79.65,72.15,82.68,53.66,75.58,69.94,70.22
20,20,40.74,81.41,73.46,81.2,51.16,78.5,70.22,70.72
20,21,40.8,85.16,73.63,78.59,53.29,77.69,70.72,70.8
20,22,41.32,83.51,78.86,77.03,52.82,78.31,70.8,72.15
20,23,37.55,84.8,83.99,76.25,53.81,70.36,72.15,72.17
21,0,29.62,50.17,44.15,62.24,72.63,52.33,59.61,58.31
21,1,32.14,46.4,47.67,61.63,70.77,51.98,58.31,58.43
21,2,32.47,45.21,49.64,60.67,72.21,53.61,58.43,59.48
21,3,31.79,44.19,50.39,61.97,76.54,56.72,59.48,61.01
21,4,34.22,53.76,52.24,63.13,78.14,54.0,61.01,62.03
21,5,32.39,52.54,54.48,62.99,78.62,57.56,62.03,61.2
21,6,34.48,52.35,52.77,65.46,80.37,53.04,61.2,62.77
21,7,33.04,53.15,55.41,67.48,81.14,55.1,62.77,61.96
21,8,32.73,51.43,54.92,67.72,81.27,49.74,61.96,62.26
21,9,31.04,51.9,54.38,67.42,82.44,46.8,62.26,64.42
21,10,25.65,51.15,56.97,71.0,84.21,42.7,64.42,65.2
21,11,24.46,52.22,57.81,72.28,82.57,43.19,65.2,64.45
21,12,25.22,55.0,55.69,71.79,77.37,41.63,64.45,64.32
21,13,23.14,52.24,56.49,71.87,73.05,42.58,64.32,65.25
21,14,19.86,54.0,52.94,72.13,72.68,43.78,65.25,64.06
21,15,19.73,53.53,48.63,69.38,71.71,44.06,64.06,64.92
21,16,17.41,55.71,48.09,67.65,71.36,45.04,64.92,65.84
21,17,17.88,61.64,46.39,67.7,72.41,45.27,65.84,64.56
21,18,15.88,57.29,45.15,65.75,69.16,43.18,64.56,65.58
21,19,12.24,59.34,47.26,64.15,68.84,37.91,65.58,66.51
21,20,10.26,60.84,50.03,62.92,71.14,33.66,66.51,68.63
21,21,6.01,63.27,55.35,64.11,71.26,27.37,68.63,70.25
21,22,0.0,63.96,54.57,62.1,71.59,28.02,70.25,70.67
21,23,2.33,64.67,58.56,62.31,71.56,31.51,70.67,74.2
22,0,59.37,77.86,79.45,86.39,84.26,70.62,68.13,68.43
22,1,59.01,78.36,78.63,88.8,83.81,69.66,68.43,67.79
22,2,61.44,77.04,78.82,85.84,85.42,75.78,67.79,67.79
22,3,63.11,81.73,76.58,86.51,83.73,75.4,67.79,66.33
22,4,64.92,82.33,72.64,84.08,81.17,77.17,66.33,64.92
22,5,70.62,86.72,67.25,87.12,83.24,72.84,64.92,65.52
22,6,69.21,90.31,69.2,84.7,84.66,66.73,65.52,67.07
22,7,68.04,94.02,69.56,83.91,86.64,69.95,67.07,67.54
22,8,71.47,96.94,73.1,85.57,87.37,70.52,67.54,67.33
22,9,70.26,93.61,70.54,85.21,88.05,75.14,67.33,68.76
22,10,69.63,96.92,74.08,84.95,89.44,74.71,68.76,68.08
22,11,73.1,99.12,70.8,85.47,92.94,74.47,68.08,67.34
22,12,73.94,100.0,67.99,86.69,90.35,72.89,67.34,66.64
22,13,76.67,100.0,67.38,87.78,90.43,73.23,66.64,65.28
22,14,78.14,98.12,67.8,87.36,87.46,70.77,65.28,63.82
22,15,82.34,99.57,64.13,84.48,87.44,75.75,63.82,64.66
22,16,81.28,100.0,65.49,85.62,84.96,78.86,64.66,64.95
22,17,79.78,100.0,63.34,86.17,85.87,78.7,64.95,64.93
22,18,80.49,99.5,61.7,89.58,88.17,76.72,64.93,64.03
22,19,81.7,97.57,58.44,91.85,84.96,79.8,64.03,64.87
22,20,80.44,97.24,59.97,93.21,83.51,82.25,64.87,65.24
22,21,80.28,93.77,59.76,96.18,87.06,84.7,65.24,67.8
22,22,76.21,95.54,62.62,97.83,88.83,86.09,67.8,67.29
22,23,75.49,94.02,57.22,98.71,89.4,88.07,67.29,70.25
23,0,47.94,70.14,53.49,63.28,86.81,74.15,63.26,64.03
23,1,45.73,65.11,57.98,65.42,91.85,70.28,64.03,63.49
23,2,49.6,65.62,60.7,62.32,94.98,72.94,63.49,63.08
23,3,48.98,67.86,58.7,61.36,94.26,67.68,63.08,63.19
23,4,51.07,71.73,56.9,62.26,93.93,68.97,63.19,64.43
23,5,48.69,69.38,60.36,62.33,98.17,69.41,64.43,66.81
23,6,45.41,73.36,62.55,63.99,100.0,67.75,66.81,66.54
23,7,44.53,73.15,58.98,63.66,100.0,68.76,66.54,67.67
23,8,39.99,68.78,64.27,63.68,98.91,68.24,67.67,70.86
23,9,35.06,73.35,63.39,66.61,99.21,72.83,70.86,71.97
23,10,35.33,76.21,65.85,68.06,100.0,72.43,71.97,69.9
23,11,40.57,73.79,66.16,68.29,100.0,71.44,69.9,68.4
23,12,41.02,73.58,61.72,68.51,98.0,66.54,68.4,68.52
23,13,40.93,75.35,63.6,69.84,94.33,62.75,68.52,66.34
23,14,46.35,72.5,65.73,68.67,94.69,61.15,66.34,65.43
23,15,47.53,73.21,64.68,66.77,95.43,57.82,65.43,67.18
23,16,48.31,81.39,69.03,68.4,95.46,52.3,67.18,68.55
23,17,43.85,85.54,66.97,67.21,95.33,49.41,68.55,69.34
23,18,39.67,85.69,64.59,65.92,93.96,51.28,69.34,70.09
23,19,38.47,85.46,66.68,65.84,93.61,52.99,70.09,69.59
23,20,39.98,85.31,67.22,64.48,92.09,55.6,69.59,70.36
23,21,40.81,86.98,68.37,64.77,93.68,58.7,70.36,70.72
23,22,43.04,86.98,72.83,65.43,95.14,59.85,70.72,71.51
23,23,43.29,85.07,75.23,71.32,94.59,60.36,71.51,71.87
24,0,69.62,63.09,63.23,74.47,65.49,58.57,54.79,53.89
24,1,71.4,62.71,62.04,74.28,63.14,60.06,53.89,56.1
24,2,65.54,61.68,64.62,75.08,64.52,60.17,56.1,56.43
24,3,68.55,64.75,66.26,77.14,66.22,59.15,56.43,58.34
24,4,64.01,66.31,68.2,79.52,64.55,56.73,58.34,56.83
24,5,64.89,66.4,62.84,80.47,61.05,54.2,56.83,56.94
24,6,68.45,72.18,59.49,80.01,61.33,59.84,56.94,57.72
24,7,66.47,71.04,64.44,79.46,62.98,55.71,57.72,56.89
24,8,65.46,66.37,61.57,81.34,63.08,55.05,56.89,57.42
24,9,62.71,66.0,62.78,83.5,58.03,52.86,57.42,57.59
24,10,62.69,66.01,64.29,84.24,57.62,51.58,57.59,58.99
24,11,61.45,69.75,62.39,84.31,58.18,56.56,58.99,60.57
24,12,60.05,72.93,66.39,84.39,57.96,55.87,60.57,61.31
24,13,58.78,75.79,67.38,85.06,55.91,53.27,61.31,59.92
24,14,64.71,75.56,65.36,88.12,56.67,55.3,59.92,59.76
24,15,63.8,74.9,65.15,85.55,56.7,56.49,59.76,58.22
24,16,68.85,75.46,58.45,85.56,62.38,59.39,58.22,58.85
24,17,65.92,77.53,56.52,83.06,61.88,59.96,58.85,59.78
24,18,59.8,74.39,56.85,82.44,62.87,56.62,59.78,58.89
24,19,61.44,71.14,62.08,79.21,60.89,58.17,58.89,57.83
24,20,65.94,72.38,64.07,79.44,59.03,57.0,57.83,58.0
24,21,61.8,68.84,65.57,77.4,59.87,53.39,58.0,58.53
24,22,62.19,67.68,70.09,78.25,62.54,51.43,58.53,57.45
24,23,61.86,65.04,69.15,77.92,61.29,48.08,57.45,56.63
25,0,68.66,74.63,64.56,50.24,61.05,46.69,52.32,54.83
25,1,63.67,78.99,72.13,49.49,58.61,40.28,54.83,55.14
25,2,62.44,78.34,70.48,50.13,59.6,41.55,55.14,55.82
25,3,60.99,75.33,72.77,50.35,61.57,44.22,55.82,56.17
25,4,56.22,71.33,70.81,48.44,63.28,45.57,56.17,56.32
25,5,59.02,72.82,71.73,51.04,64.42,46.07,56.32,55.52
25,6,62.96,73.47,71.12,49.57,66.03,50.08,55.52,55.56
25,7,62.31,77.69,65.51,49.65,66.15,48.2,55.56,52.9
25,8,68.96,77.79,64.59,49.91,62.34,46.22,52.9,52.42
25,9,71.41,76.2,62.4,52.73,65.22,48.08,52.42,51.96
25,10,69.54,75.79,60.29,50.94,63.34,46.52,51.96,52.6
25,11,65.94,71.4,61.25,51.6,66.94,44.82,52.6,53.22
25,12,66.33,72.63,60.78,53.29,68.69,46.1,53.22,52.25
25,13,65.06,71.86,56.98,51.88,67.64,43.03,52.25,52.29
25,14,65.88,75.75,54.56,52.65,65.78,42.41,52.29,53.36
25,15,63.31,77.86,52.82,54.87,65.48,40.76,53.36,56.33
25,16,59.05,78.92,55.81,55.62,70.16,45.35,56.33,57.06
25,17,57.63,78.26,57.51,54.14,72.69,46.74,57.06,58.83
25,18,57.9,80.62,62.98,54.68,72.67,51.56,58.83,57.83
25,19,60.3,79.96,63.3,55.28,73.59,47.79,57.83,58.47
25,20,55.17,77.6,60.7,54.19,75.06,47.59,58.47,57.76
25,21,55.26,74.22,59.62,55.56,76.45,45.71,57.76,59.05
25,22,55.25,81.12,59.87,54.38,76.3,46.29,59.05,58.48
25,23,54.29,81.33,55.84,52.65,76.2,46.09,58.48,59.61
26,0,59.26,59.47,56.63,60.69,73.84,55.86,54.69,55.59
26,1,56.87,60.31,58.18,59.24,73.89,55.88,55.59,57.59
26,2,49.73,59.96,58.01,59.12,76.92,52.54,57.59,56.99
26,3,46.75,52.42,56.86,58.53,76.1,56.16,56.99,56.49
26,4,48.83,52.95,56.05,60.78,76.26,54.0,56.49,58.91
26,5,43.18,51.93,58.62,65.53,76.59,52.01,58.91,60.31
26,6,39.13,53.88,53.62,66.84,78.42,53.62,60.31,61.29
26,7,37.97,55.88,54.43,65.48,82.32,52.86,61.29,60.66
26,8,39.8,48.92,58.56,68.62,82.58,54.84,60.66,60.33
26,9,40.97,47.29,60.5,67.2,81.56,58.52,60.33,58.69
26,10,43.4,45.48,58.6,66.11,83.23,55.82,58.69,59.29
26,11,43.97,48.02,58.64,68.33,82.82,55.48,59.29,60.54
26,12,40.54,51.37,56.64,69.23,82.88,52.62,60.54,62.06
26,13,38.21,55.82,57.54,67.41,83.69,52.48,62.06,59.37
26,14,48.07,56.97,56.7,70.45,80.21,53.06,59.37,57.35
26,15,53.55,56.92,51.8,69.86,83.32,54.49,57.35,58.47
26,16,50.54,55.17,50.42,70.78,86.19,57.95,58.47,56.82
26,17,51.41,51.47,46.74,72.05,83.7,57.57,56.82,56.13
26,18,51.82,48.36,43.97,72.06,84.91,61.06,56.13,55.32
26,19,53.14,48.88,42.03,70.12,84.09,62.59,55.32,53.69
26,20,53.65,42.88,39.97,72.73,84.45,58.64,53.69,51.89
26,21,60.22,43.09,41.42,73.72,83.91,56.75,51.89,51.65
26,22,66.08,46.4,44.19,75.08,82.1,60.89,51.65,51.38
26,23,63.05,47.55,39.57,71.2,82.94,58.76,51.38,55.15
27,0,51.24,53.71,82.04,77.72,71.97,77.38,64.27,66.7
27,1,49.58,58.88,83.97,84.46,69.78,75.61,66.7,68.11
27,2,50.34,60.37,90.12,83.32,71.79,79.4,68.11,68.42
27,3,51.95,57.79,94.64,85.98,73.19,80.31,68.42,68.31
27,4,52.13,57.85,96.86,86.24,71.7,77.47,68.31,69.42
27,5,49.37,58.82,97.08,86.87,72.9,75.88,69.42,67.62
27,6,53.27,58.31,96.08,88.04,69.42,73.81,67.62,67.0
27,7,55.71,53.4,99.73,91.26,68.89,74.99,67.0,65.51
27,8,58.57,52.3,100.0,90.12,68.13,72.89,65.51,65.67
27,9,59.1,56.08,99.75,87.78,66.17,74.37,65.67,64.47
27,10,64.13,57.56,98.89,89.51,65.89,73.54,64.47,65.4
27,11,60.76,62.08,91.57,91.3,65.16,72.61,65.4,63.39
27,12,65.33,60.24,89.83,91.24,66.19,71.58,63.39,65.23
27,13,60.11,57.94,93.97,91.59,67.29,71.1,65.23,66.95
27,14,57.63,63.28,93.71,90.91,69.68,69.23,66.95,68.42
27,15,55.35,63.61,94.01,91.63,74.06,70.54,68.42,71.16
27,16,47.72,64.89,94.42,91.91,74.76,70.75,71.16,71.78
27,17,47.06,67.02,93.1,90.22,81.0,68.91,71.78,71.12
27,18,46.86,62.84,93.75,88.55,80.32,72.34,71.12,71.35
27,19,47.77,64.84,88.73,92.42,78.13,77.23,71.35,70.68
27,20,50.34,66.87,86.47,92.93,77.39,77.61,70.68,70.24
27,21,49.09,61.06,90.13,92.97,76.62,76.23,70.24,68.86
27,22,49.66,58.68,83.67,93.98,77.86,75.93,68.86,69.42
27,23,45.72,59.24,79.57,92.13,76.56,78.77,69.42,70.75
28,0,58.05,75.31,47.95,84.15,64.89,68.84,60.84,62.36
28,1,50.94,71.07,47.85,83.41,62.44,74.98,62.36,62.44
28,2,51.38,72.79,46.08,85.05,61.88,74.43,62.44,61.96
28,3,52.71,68.21,51.17,85.62,64.64,71.5,61.96,62.16
28,4,49.44,65.02,52.22,85.95,63.91,68.76,62.16,63.48
28,5,45.14,65.18,51.12,84.78,67.21,68.81,63.48,62.53
28,6,48.45,63.88,52.16,84.87,64.01,73.4,62.53,63.25
28,7,47.55,66.42,50.2,84.74,62.48,77.4,63.25,64.21
28,8,47.98,67.82,54.57,87.25,64.21,73.44,64.21,64.61
28,9,45.39,65.11,57.06,87.79,61.63,73.17,64.61,66.32
28,10,40.41,65.25,52.39,89.05,62.58,79.2,66.32,65.49
28,11,42.46,64.28,55.14,86.45,60.86,80.5,65.49,67.23
28,12,35.48,64.47,52.38,86.86,58.9,82.07,67.23,67.71
28,13,35.04,68.97,52.7,85.52,58.61,78.34,67.71,68.73
28,14,35.76,71.04,60.41,84.47,58.27,76.91,68.73,69.58
28,15,35.89,72.48,60.55,86.85,57.24,80.17,69.58,69.93
28,16,37.01,72.75,59.91,91.9,55.8,81.36,69.93,72.39
28,17,34.26,78.4,62.87,90.74,57.03,82.43,72.39,74.01
28,18,32.21,80.98,64.34,91.38,57.15,84.03,74.01,74.31
28,19,32.4,81.45,62.71,94.96,55.24,85.61,74.31,75.26
28,20,30.94,87.03,60.3,93.69,53.51,86.88,75.26,75.1
28,21,26.32,85.9,54.14,94.37,52.7,82.72,75.1,74.37
28,22,29.07,82.27,56.84,93.17,56.11,85.27,74.37,75.6
28,23,25.55,79.82,58.95,92.85,55.97,89.38,75.6,77.22
29,0,34.1,68.33,70.72,62.96,58.38,48.79,64.21,64.17
29,1,37.89,71.36,71.89,66.75,55.59,49.07,64.17,63.88
29,2,38.49,68.91,73.09,64.74,57.17,52.54,63.88,61.79
29,3,38.81,63.66,70.49,66.07,57.41,44.76,61.79,60.68
29,4,42.03,64.37,68.33,68.26,56.25,42.99,60.68,62.93
29,5,42.61,70.01,73.5,69.18,57.38,45.67,62.93,64.65
29,6,38.34,72.24,71.6,70.02,57.12,47.47,64.65,63.36
29,7,38.19,63.32,72.44,71.5,58.22,47.46,63.36,62.72
29,8,42.62,64.56,74.05,73.79,59.14,45.07,62.72,65.41
29,9,34.8,63.42,76.63,73.28,60.94,45.81,65.41,64.56
29,10,38.17,62.84,78.34,74.49,64.15,40.99,64.56,66.75
29,11,36.29,65.68,83.27,75.17,63.76,43.57,66.75,67.19
29,12,38.4,64.91,84.56,77.74,67.74,46.09,67.19,67.39
29,13,38.03,65.04,86.54,77.7,68.32,43.22,67.39,65.98
29,14,41.42,61.92,85.54,78.1,72.5,42.25,65.98,67.1
29,15,38.93,60.57,90.82,72.67,70.7,50.75,67.1,66.97
29,16,40.2,57.55,90.99,73.01,72.59,56.56,66.97,66.04
29,17,40.86,56.23,93.65,71.81,70.72,51.58,66.04,65.62
29,18,35.67,53.84,90.42,72.64,68.52,42.45,65.62,66.94
29,19,32.04,52.73,88.9,75.88,67.5,45.4,66.94,66.77
29,20,31.48,52.9,86.7,75.96,66.17,46.21,66.77,67.28
29,21,30.27,50.37,89.97,77.01,65.47,46.94,67.28,66.34
29,22,29.52,48.06,90.48,75.97,63.78,42.37,66.34,68.35
29,23,27.94,50.07,88.7,81.21,65.75,46.59,68.35,68.04
30,0,26.89,56.11,78.82,61.59,56.22,45.85,64.42,64.11
30,1,24.26,52.56,74.62,61.4,55.23,49.48,64.11,64.25
30,2,24.64,53.66,72.69,61.35,56.15,51.92,64.25,64.92
30,3,23.86,57.2,73.01,63.14,55.37,46.79,64.92,65.52
30,4,24.16,59.67,75.04,64.18,54.87,44.67,65.52,65.35
30,5,25.32,61.25,73.65,66.6,53.31,43.22,65.35,63.86
30,6,29.73,64.16,72.88,67.38,53.82,35.28,63.86,65.03
30,7,26.51,64.3,72.11,68.07,56.28,34.61,65.03,66.93
30,8,22.83,65.58,71.43,67.96,55.89,41.64,66.93,69.23
30,9,15.61,64.71,71.72,66.6,57.89,44.38,69.23,69.3
30,10,14.97,64.2,71.68,66.59,57.94,44.12,69.3,68.9
30,11,15.23,66.76,68.29,64.69,54.64,47.01,68.9,69.13
30,12,15.48,68.58,64.3,68.46,53.62,47.82,69.13,68.57
30,13,17.54,65.92,62.97,69.02,59.54,49.02,68.57,67.82
30,14,21.86,69.83,64.37,67.24,61.86,44.83,67.82,65.6
30,15,26.16,70.73,56.72,66.76,63.36,44.42,65.6,64.07
30,16,27.81,68.48,53.1,66.81,63.63,43.67,64.07,62.25
30,17,30.99,66.23,54.34,67.15,60.71,40.01,62.25,63.1
30,18,30.53,72.48,56.38,63.9,54.69,42.51,63.1,63.95
30,19,29.74,76.2,54.04,64.8,56.59,41.47,63.95,64.98
30,20,27.96,76.58,55.96,64.97,58.73,40.39,64.98,67.26
30,21,23.47,82.81,54.45,64.03,58.8,40.89,67.26,68.06
30,22,21.81,83.05,54.63,64.58,54.29,46.83,68.06,68.42
30,23,20.87,85.1,50.8,63.84,53.14,51.54,68.42,69.65
31,0,36.41,63.93,46.76,91.83,60.12,50.33,63.7,63.93
31,1,32.9,59.62,43.64,91.94,62.06,53.34,63.93,63.74
31,2,34.29,57.71,44.02,91.5,61.85,59.75,63.74,65.34
31,3,28.51,57.3,47.95,88.77,60.77,58.46,65.34,65.23
31,4,27.34,52.82,50.04,90.3,61.98,56.15,65.23,65.1
31,5,27.1,50.42,49.34,94.81,62.37,52.89,65.1,63.8
31,6,27.14,46.66,46.04,92.92,61.68,56.0,63.8,63.14
31,7,28.37,48.53,43.05,92.04,62.43,54.41,63.14,64.17
31,8,27.04,50.16,42.3,92.69,65.81,54.2,64.17,62.37
31,9,30.08,52.13,38.2,90.69,64.35,51.93,62.37,63.09
31,10,29.31,54.28,42.27,91.5,63.66,45.99,63.09,64.58
31,11,29.02,54.65,43.11,95.92,66.34,48.64,64.58,65.4
31,12,25.63,53.42,43.13,94.57,67.54,50.01,65.4,67.04
31,13,21.87,57.31,43.74,91.31,67.64,51.16,67.04,66.04
31,14,24.28,56.59,46.52,91.88,65.2,47.21,66.04,67.09
31,15,27.15,60.48,47.79,95.07,67.52,49.56,67.09,69.35
31,16,23.92,65.98,49.7,94.5,66.38,50.63,69.35,71.11
31,17,18.4,68.37,47.14,95.44,65.54,50.14,71.11,73.36
31,18,15.63,68.19,53.11,98.41,66.45,50.36,73.36,73.19
31,19,17.67,71.88,50.92,98.46,63.0,54.03,73.19,70.56
31,20,23.36,72.42,44.84,99.88,61.4,52.34,70.56,69.97
31,21,24.74,73.49,43.68,98.78,61.85,51.41,69.97,71.22
31,22,20.91,72.79,45.0,98.62,59.22,54.68,71.22,73.96
31,23,12.2,71.75,43.43,99.12,60.54,58.36,73.96,74.81
32,0,35.89,50.13,58.67,84.52,59.23,63.76,63.04,61.95
32,1,37.73,50.58,56.29,84.21,58.83,61.97,61.95,60.67
32,2,38.52,51.58,51.82,81.11,59.88,59.82,60.67,60.65
32,3,38.92,54.23,48.3,78.48,63.42,61.18,60.65,60.16
32,4,37.17,51.73,47.07,76.3,65.39,59.14,60.16,58.11
32,5,39.95,50.82,44.24,75.65,60.34,59.08,58.11,59.13
32,6,38.94,53.6,38.88,78.17,62.18,63.14,59.13,59.02
32,7,38.28,56.94,34.77,79.8,60.84,58.48,59.02,59.11
32,8,34.41,57.26,32.6,80.75,57.43,52.4,59.11,58.61
32,9,38.02,60.27,29.75,80.94,59.66,53.96,58.61,59.07
32,10,37.97,63.85,27.86,81.21,59.83,53.44,59.07,59.37
32,11,36.3,64.37,28.26,79.31,61.63,50.81,59.37,59.22
32,12,35.14,63.79,29.64,75.27,63.61,49.08,59.22,59.04
32,13,38.3,62.65,29.79,79.3,63.26,53.1,59.04,59.44
32,14,37.92,64.2,30.3,81.2,62.09,50.45,59.44,60.49
32,15,35.51,64.8,29.94,82.82,64.9,47.82,60.49,61.33
32,16,32.8,60.79,36.33,83.63,66.06,44.1,61.33,62.35
32,17,32.3,62.62,35.87,85.98,70.88,41.56,62.35,64.1
32,18,28.73,60.28,40.99,88.26,70.81,41.97,64.1,65.52
32,19,25.78,63.25,40.15,87.94,72.23,41.7,65.52,67.28
32,20,24.58,63.58,42.83,91.43,73.6,44.41,67.28,67.34
32,21,23.48,61.76,45.1,91.98,70.95,43.73,67.34,68.61
32,22,22.73,60.53,49.84,93.14,73.9,44.82,68.61,67.88
32,23,22.48,58.02,50.18,93.36,71.37,43.5,67.88,68.83
33,0,41.96,42.3,49.5,88.25,86.71,60.06,61.21,60.05
33,1,45.52,44.58,47.18,87.15,87.9,58.48,60.05,61.84
33,2,38.67,44.72,43.04,90.59,88.46,56.07,61.84,62.14
33,3,36.07,39.35,40.04,92.82,93.12,58.55,62.14,63.09
33,4,35.3,38.36,37.47,97.14,92.94,65.19,63.09,60.59
33,5,38.98,33.43,35.77,96.0,92.98,65.31,60.59,57.9
33,6,47.47,30.5,36.76,97.43,93.18,65.94,57.9,60.11
33,7,43.83,31.12,38.59,98.29,94.52,70.48,60.11,58.97
33,8,46.14,31.64,35.38,97.29,94.28,71.54,58.97,57.65
33,9,44.21,29.13,32.11,94.19,94.01,67.43,57.65,58.15
33,10,40.71,28.25,28.4,95.15,95.69,66.08,58.15,59.15
33,11,38.89,30.16,26.56,93.78,98.28,69.03,59.15,59.39
33,12,40.2,33.24,20.93,96.69,99.27,72.37,59.39,59.59
33,13,40.86,33.68,20.4,97.62,98.84,75.27,59.59,61.45
33,14,35.6,32.36,26.84,96.57,98.57,72.92,61.45,61.31
33,15,36.11,30.45,26.58,98.47,97.37,75.59,61.31,62.11
33,16,38.08,33.91,27.3,100.0,99.68,76.86,62.11,64.03
33,17,34.95,33.92,31.88,100.0,100.0,79.52,64.03,64.92
33,18,30.68,35.68,28.46,97.23,100.0,81.39,64.92,64.21
33,19,32.89,37.48,30.35,95.46,99.99,77.17,64.21,66.52
33,20,26.38,40.0,28.39,97.4,100.0,75.61,66.52,64.9
33,21,27.65,38.31,23.16,97.85,99.26,74.59,64.9,62.56
33,22,33.08,34.04,24.6,96.06,100.0,75.78,62.56,62.05
33,23,33.72,31.5,22.61,98.11,100.0,77.52,62.05,64.27
34,0,33.32,82.14,71.55,88.5,82.27,81.47,76.81,75.56
34,1,34.96,79.49,68.75,89.68,82.12,81.69,75.56,75.66
34,2,37.68,82.07,73.04,86.02,82.83,84.07,75.66,77.54
34,3,32.6,80.4,70.82,86.26,86.28,90.44,77.54,79.46
34,4,29.65,82.28,72.8,87.23,87.28,91.65,79.46,78.97
34,5,34.22,85.89,69.91,89.03,89.26,92.9,78.97,78.1
34,6,37.11,86.75,70.82,89.47,85.43,92.95,78.1,78.94
34,7,34.6,83.49,75.42,90.68,85.57,91.56,78.94,78.83
34,8,34.99,86.77,73.24,90.87,87.5,86.05,78.83,79.35
34,9,34.32,85.78,73.14,90.06,87.98,92.12,79.35,81.25
34,10,32.85,86.95,79.42,89.16,91.81,92.44,81.25,80.45
34,11,37.69,89.5,80.64,89.23,90.76,92.97,80.45,80.31
34,12,39.89,89.77,79.99,88.93,92.95,96.94,80.31,81.33
34,13,37.39,88.06,81.43,92.19,95.44,93.49,81.33,80.94
34,14,36.09,85.57,80.93,95.6,92.79,88.93,80.94,82.31
34,15,33.11,86.73,83.09,96.67,95.34,83.94,82.31,81.39
34,16,36.17,86.09,85.58,94.22,95.55,84.95,81.39,79.75
34,17,39.14,81.64,85.98,92.25,96.76,87.58,79.75,79.29
34,18,42.5,80.33,89.06,95.17,93.68,89.72,79.29,78.05
34,19,44.88,79.86,85.73,97.26,91.48,89.48,78.05,78.69
34,20,44.26,82.3,84.15,96.09,91.88,92.8,78.69,75.8
34,21,50.62,78.08,85.39,94.12,94.11,90.29,75.8,76.54
34,22,48.09,76.61,85.46,94.96,95.28,90.57,76.54,78.21
34,23,43.6,79.1,85.6,97.49,94.07,86.06,78.21,79.72
35,0,70.22,64.72,51.6,67.65,74.47,54.44,52.66,53.91
35,1,71.18,67.44,56.33,68.6,76.52,53.85,53.91,54.39
35,2,69.24,69.16,55.47,69.34,74.6,51.51,54.39,54.34
35,3,70.65,72.12,52.82,70.88,73.73,51.86,54.34,54.38
35,4,74.4,74.84,55.5,74.9,72.52,49.2,54.38,54.22
35,5,71.74,74.38,48.74,74.68,71.63,51.85,54.22,54.06
35,6,72.29,72.88,50.81,76.33,70.3,50.67,54.06,55.08
35,7,65.12,69.91,48.88,76.68,68.6,49.43,55.08,56.48
35,8,60.94,70.72,50.46,77.68,68.83,45.11,56.48,57.49
35,9,58.58,69.8,49.55,78.03,71.88,47.84,57.49,59.29
35,10,55.12,72.13,51.77,76.62,73.78,47.66,59.29,60.98
35,11,50.39,73.8,52.72,76.36,73.9,45.81,60.98,60.42
35,12,51.72,73.97,53.52,77.28,71.79,43.42,60.42,62.83
35,13,44.59,75.96,50.18,77.74,72.74,45.53,62.83,65.78
35,14,40.48,76.07,55.49,81.37,74.91,46.84,65.78,67.36
35,15,36.96,78.52,55.32,82.69,73.85,46.62,67.36,67.97
35,16,36.95,79.56,57.1,81.73,71.36,51.8,67.97,66.01
35,17,43.92,81.2,53.43,80.39,72.58,56.12,66.01,67.17
35,18,39.78,81.13,54.32,82.32,72.09,51.73,67.17,67.35
35,19,41.15,84.81,54.37,83.33,71.34,49.49,67.35,67.29
35,20,43.73,86.27,56.14,86.53,69.43,48.14,67.29,67.27
35,21,43.7,84.88,58.79,86.36,67.65,48.63,67.27,68.33
35,22,43.71,87.98,60.27,87.48,68.49,48.37,68.33,70.3
35,23,41.06,89.15,59.57,91.06,71.37,50.57,70.3,69.7
36,0,55.53,42.68,47.32,88.42,89.89,86.6,59.89,59.91
36,1,55.6,44.97,42.56,87.65,92.55,88.11,59.91,64.34
36,2,41.93,47.29,48.61,83.86,95.79,80.09,64.34,63.24
36,3,44.25,47.57,41.86,84.95,98.29,81.48,63.24,62.66
36,4,45.5,46.63,36.58,86.54,100.0,85.17,62.66,63.12
36,5,39.04,42.39,34.34,83.55,100.0,86.65,63.12,64.69
36,6,34.25,45.02,36.44,82.65,99.85,81.1,64.69,65.43
36,7,32.75,45.34,37.25,83.61,100.0,80.61,65.43,65.93
36,8,33.11,48.65,37.26,84.45,99.83,78.97,65.93,65.49
36,9,34.18,47.28,38.72,84.7,99.42,78.29,65.49,65.41
36,10,32.15,42.64,40.17,85.37,100.0,76.99,65.41,63.24
36,11,37.34,41.81,37.85,83.58,96.73,81.89,63.24,62.69
36,12,40.95,43.91,35.46,87.4,96.23,81.38,62.69,62.93
36,13,44.76,46.18,42.36,88.1,95.63,79.85,62.93,65.16
36,14,38.72,45.65,46.09,89.5,95.88,77.16,65.16,66.24
36,15,38.9,48.99,47.69,90.03,94.48,80.06,66.24,70.28
36,16,29.01,50.44,55.7,87.21,94.2,80.34,70.28,72.07
36,17,27.12,53.84,57.41,87.72,95.99,80.69,72.07,69.45
36,18,36.16,54.6,58.3,84.5,95.11,84.43,69.45,70.02
36,19,31.65,48.43,58.7,87.44,95.39,83.72,70.02,72.52
36,20,25.58,50.08,60.98,84.08,97.86,86.32,72.52,72.26
36,21,28.47,52.13,63.24,85.32,99.8,81.16,72.26,73.9
36,22,23.47,50.23,63.15,86.29,100.0,84.82,73.9,72.59
36,23,26.42,47.91,64.17,84.8,99.82,86.08,72.59,77.41
37,0,36.79,72.05,62.23,90.53,76.25,65.59,70.47,70.42
37,1,36.8,76.28,60.73,90.18,73.38,62.34,70.42,71.75
37,2,34.75,76.41,66.34,91.45,71.75,60.46,71.75,71.33
37,3,38.37,80.09,66.72,90.76,74.2,57.78,71.33,72.47
37,4,39.05,87.21,67.64,89.41,75.22,56.67,72.47,74.53
37,5,34.37,89.61,71.29,88.99,74.67,54.08,74.53,75.04
37,6,33.42,88.23,68.56,92.97,75.8,56.1,75.04,75.02
37,7,35.57,90.84,67.62,93.72,75.46,57.71,75.02,73.65
37,8,36.09,89.99,63.93,94.21,75.26,52.34,73.65,74.69
37,9,37.12,93.19,71.81,93.63,74.38,49.31,74.69,74.42
37,10,37.24,94.1,69.68,93.48,70.62,52.39,74.42,74.55
37,11,34.43,94.29,65.7,92.51,70.26,52.66,74.55,76.4
37,12,35.37,98.91,68.2,94.64,73.35,54.67,76.4,77.06
37,13,34.76,100.0,71.72,96.14,70.64,52.44,77.06,78.54
37,14,33.43,100.0,71.95,98.61,73.47,56.34,78.54,76.78
37,15,36.55,97.19,73.7,97.59,70.38,55.78,76.78,77.71
37,16,40.02,98.87,80.05,98.15,75.47,56.61,77.71,77.86
37,17,39.59,95.33,83.69,97.35,74.38,60.76,77.86,77.87
37,18,42.57,99.03,82.9,97.44,74.46,63.4,77.87,78.3
37,19,46.73,100.0,89.12,99.44,74.19,66.19,78.3,77.71
37,20,51.35,100.0,92.99,99.69,73.96,68.22,77.71,76.59
37,21,55.87,100.0,94.65,99.99,73.5,68.03,76.59,76.65
37,22,55.77,100.0,94.23,100.0,71.97,70.48,76.65,75.88
37,23,59.37,100.0,95.14,100.0,71.86,72.37,75.88,75.77
38,0,45.48,76.87,60.28,60.31,60.37,45.03,60.36,59.13
38,1,44.92,72.42,57.1,58.26,62.1,46.06,59.13,57.15
38,2,46.26,67.2,52.95,59.79,56.74,50.04,57.15,59.51
38,3,40.29,70.03,50.58,62.09,63.36,43.52,59.51,58.02
38,4,41.87,64.91,52.16,61.87,63.81,41.08,58.02,57.41
38,5,43.71,60.86,56.19,61.25,61.21,46.17,57.41,59.28
38,6,43.01,66.89,60.15,59.86,61.24,46.83,59.28,58.91
38,7,47.09,68.5,60.98,59.66,61.34,51.04,58.91,58.08
38,8,46.6,67.61,59.59,58.75,58.73,49.09,58.08,56.58
38,9,50.6,67.29,62.0,53.99,60.07,48.91,56.58,56.85
38,10,48.65,68.14,60.81,49.95,62.12,49.94,56.85,56.68
38,11,47.21,65.54,56.71,50.59,65.54,50.85,56.68,57.85
38,12,42.56,66.51,56.85,52.52,66.96,42.19,57.85,55.99
38,13,43.7,63.8,52.88,52.34,67.98,37.57,55.99,56.02
38,14,45.31,66.39,53.32,50.81,66.22,40.94,56.02,57.87
38,15,40.28,69.89,53.13,50.82,63.0,40.8,57.87,57.23
38,16,41.62,66.18,54.92,51.2,61.91,43.67,57.23,60.9
38,17,34.51,67.52,60.08,54.28,62.89,43.06,60.9,62.42
38,18,32.11,66.91,62.01,52.86,64.61,49.76,62.42,61.88
38,19,31.42,63.18,58.28,54.61,64.69,52.69,61.88,62.46
38,20,29.32,65.97,58.1,53.35,64.09,49.4,62.46,60.8
38,21,34.79,65.98,60.34,52.48,62.18,49.0,60.8,60.08
38,22,37.59,64.72,58.02,52.99,63.38,54.23,60.08,59.94
38,23,38.15,66.95,60.48,50.88,61.66,51.28,59.94,62.21
39,0,38.66,55.17,53.53,88.07,71.22,78.48,65.65,66.08
39,1,36.1,56.13,49.96,87.6,70.38,80.17,66.08,65.91
39,2,38.65,59.4,47.74,89.8,70.49,79.5,65.91,67.38
39,3,36.03,58.02,53.26,90.61,71.04,79.01,67.38,65.89
39,4,42.87,62.24,51.4,90.27,70.82,79.75,65.89,67.01
39,5,40.26,63.85,56.06,87.84,68.76,78.6,67.01,69.53
39,6,38.45,70.15,59.36,89.93,68.43,78.04,69.53,72.17
39,7,33.6,72.79,61.13,92.7,68.21,77.91,72.17,72.12
39,8,33.61,75.77,57.02,94.37,68.37,75.04,72.12,76.06
39,9,26.85,75.66,61.67,97.92,69.28,81.22,76.06,75.9
39,10,26.22,78.82,60.61,97.09,68.12,75.34,75.9,74.46
39,11,29.59,77.19,58.51,94.93,67.91,80.93,74.46,71.73
39,12,35.37,72.51,57.75,93.06,70.09,82.09,71.73,73.26
39,13,32.96,73.03,56.61,96.49,71.39,84.4,73.26,76.83
39,14,24.46,73.13,63.16,99.34,67.89,83.76,76.83,78.38
39,15,20.35,78.56,64.2,98.01,68.16,76.24,78.38,79.74
39,16,16.6,78.97,67.03,94.33,67.6,79.57,79.74,81.96
39,17,11.74,79.96,67.53,97.95,67.34,79.35,81.96,80.72
39,18,13.81,76.28,67.17,97.24,67.26,82.2,80.72,80.43
39,19,14.97,74.33,67.88,100.0,65.8,82.93,80.43,80.29
39,20,13.89,74.44,63.29,100.0,64.45,86.31,80.29,81.6
39,21,11.53,72.87,67.23,100.0,65.06,88.9,81.6,82.16
39,22,10.16,73.14,65.54,100.0,63.88,93.65,82.16,83.04
39,23,8.71,73.5,68.12,100.0,63.48,93.86,83.04,82.23
